id,name,description,created
"11","Domain_1",,"2021-12-23 05:51:56.30101+00"
"12","Domain_2",,"2021-12-23 05:52:52.713301+00"
"13","Domain_3",,"2021-12-23 05:53:47.099677+00"
"14","Domain_4",,"2021-12-23 05:54:45.379614+00"
"15","Domain_5",,"2021-12-23 05:55:41.315743+00"
"16","Domain_6",,"2021-12-23 05:56:36.112091+00"
"17","Domain_7",,"2021-12-23 05:57:34.63352+00"
"18","Domain_8",,"2021-12-23 05:58:30.603095+00"
"19","Domain_9",,"2021-12-23 05:59:30.396697+00"
"20","Domain_10",,"2021-12-23 06:00:26.919703+00"
